"The Battle of the Labyrinth (Percy Jackson and the Olympians, #4)",Rick Riordan,0,4.41,"ya, currently-reading",currently-reading,42,
"The Titan's Curse (Percy Jackson and the Olympians, #3)",Rick Riordan,5,4.36,ya,read,100,
Bunny,Mona Awad,0,3.56,"to-read, fiction",to-read,0,
"The Sea of Monsters (Percy Jackson and the Olympians, #2)",Rick Riordan,4,4.24,ya,read,100,
Romantic Comedy,Curtis Sittenfeld,0,3.91,"to-read, chick-lit",to-read,0,
"Climate Change Is Racist: Race, Privilege and the Struggle for Climate Justice",Jeremy    Williams,0,4.29,"to-read, theory",to-read,0,
"Love, Theoretically",Ali Hazelwood,0,4.23,"to-read, chick-lit",to-read,0,
"Dial A for Aunties (Aunties, #1)",Jesse Q. Sutanto,0,3.74,"to-read, chick-lit",to-read,0,
It's Kind of a Funny Story,Ned Vizzini,0,4.09,"to-read, ya",to-read,0,
"Red, White & Royal Blue",Casey McQuiston,0,4.12,"to-read, queer",to-read,0,
"One of Us Is Lying (One of Us is Lying, #1)",Karen M. McManus,0,3.97,"to-read, queer",to-read,0,
Turtles All the Way Down,John Green,0,3.9,"to-read, ya",to-read,0,
The Color Purple,Alice Walker,0,4.26,"to-read, classic",to-read,0,
The Joy Luck Club,Amy Tan,0,3.95,"to-read, classic",to-read,0,
The Love Hypothesis,Ali Hazelwood,0,4.21,"to-read, chick-lit",to-read,0,
"Love & Gelato (Love & Gelato, #1)",Jenna Evans Welch,0,4.08,"to-read, ya",to-read,0,
Seeing Other People,Diana Reid,0,3.5,"to-read, queer",to-read,0,
They Hate Each Other,Amanda Woody,0,4.4,"to-read, queer",to-read,0,
This Is Where It Ends,Marieke Nijkamp,0,3.69,"to-read, queer",to-read,0,
"Call Me By Your Name (Call Me By Your Name, #1)",André Aciman,0,4.12,"to-read, queer",to-read,0,
Laziness Does Not Exist,Devon Price,0,3.98,"to-read, personal-growth",to-read,0,
Divergent Mind: Thriving in a World That Wasn't Designed for You,Jenara Nerenberg,0,3.9,"to-read, personal-growth",to-read,0,
Organizing for the Rest of Us: 100 Realistic Strategies to Keep Any House Under Control,Dana K. White,0,4.11,"to-read, personal-growth",to-read,0,
The Twyford Code,Janice Hallett,0,3.69,"to-read, fiction",to-read,0,
The Appeal,Janice Hallett,0,3.9,"to-read, fiction",to-read,0,
Thirteen Reasons Why,Jay Asher,3,3.86,ya,read,100,
"The Lightning Thief (Percy Jackson and the Olympians, #1)",Rick Riordan,5,4.29,ya,read,100,"Typically, my ratings on Goodreads depends on how impactful I found it, how much I remembered and took from it months or even years later. This book has reminded me how much I love reading, and I can’t wait to relive the demigods’ adventures all over again."
Looking for Alaska,John Green,4,3.98,ya,read,100,
"The Maze Runner (The Maze Runner, #1)",James Dashner,4,4.04,ya,read,100,
Eleanor & Park,Rainbow Rowell,4,3.96,ya,read,100,
Fangirl,Rainbow Rowell,3,3.97,ya,read,100,
"Uglies (Uglies, #1)",Scott Westerfeld,4,3.85,ya,read,100,
"Always and Forever, Lara Jean (To All the Boys I've Loved Before, #3)",Jenny Han,3,4.03,ya,read,100,
"Every Day (Every Day, #1)",David Levithan,3,3.91,ya,read,100,
I'll Give You the Sun,Jandy Nelson,3,4.16,ya,read,100,
Before I Fall,Lauren Oliver,3,3.89,ya,read,100,
"To All the Boys I've Loved Before (To All the Boys I've Loved Before, #1)",Jenny Han,3,4.06,ya,read,100,
The Sun Is Also a Star,Nicola Yoon,5,3.99,ya,read,100,
"If I Stay (If I Stay, #1)",Gayle Forman,3,3.92,ya,read,100,
An Abundance of Katherines,John Green,3,3.53,ya,read,100,
"The Hate U Give (The Hate U Give, #1)",Angie Thomas,4,4.49,ya,read,100,
"P.S. I Still Love You (To All the Boys I've Loved Before, #2)",Jenny Han,3,4.04,ya,read,100,
"Simon vs. the Homo Sapiens Agenda (Simonverse, #1)",Becky Albertalli,3,4.18,ya,read,100,
"Heartstopper: Volume One (Heartstopper, #1)",Alice Oseman,4,4.5,ya,read,100,
"Everything, Everything",Nicola Yoon,5,3.99,ya,read,100,
A Light in the Attic,Shel Silverstein,5,4.35,ya,read,100,
"Holes (Holes, #1)",Louis Sachar,4,3.99,ya,read,100,
"An Absolutely Remarkable Thing (The Carls, #1)",Hank Green,0,4.04,"to-read, ya",to-read,0,
Queenie,Candice Carty-Williams,0,3.87,"to-read, chick-lit",to-read,0,
Everything I Know About Love,Dolly Alderton,0,4.09,"to-read, bio",to-read,0,
Last Night at the Telegraph Club,Malinda Lo,0,4.25,"to-read, ya",to-read,0,
"Take a Hint, Dani Brown (The Brown Sisters, #2)",Talia Hibbert,0,4.05,"to-read, chick-lit",to-read,0,
People We Meet on Vacation,Emily Henry,0,3.92,"to-read, chick-lit",to-read,0,
Love and Other Words,Christina Lauren,0,4.33,"to-read, chick-lit",to-read,0,
"The Thief (The Queen's Thief, #1)",Megan Whalen Turner,0,3.86,"to-read, ya",to-read,0,
Code Name Verity (Code Name Verity #1),Elizabeth Wein,0,4.02,"to-read, ya",to-read,0,
More Than This,Patrick Ness,0,3.96,"to-read, ya",to-read,0,
Funny You Should Ask,Elissa Sussman,0,3.67,"to-read, chick-lit",to-read,0,
The Way to Cook,Julia Child,0,4.31,"to-read, cooking",to-read,0,
Joy of Cooking,Irma S. Rombauer,0,4.12,"to-read, cooking",to-read,0,
Modern Comfort Food: A Barefoot Contessa Cookbook,Ina Garten,0,3.86,"to-read, cooking",to-read,0,
"Meals She Eats: Empowering Advice, Relatable Stories, and Over 25 Recipes to Take Control of Your PCOS",Tom Sullivan,0,4.65,"to-read, cooking",to-read,0,
Flowers for Algernon,Daniel Keyes,0,4.19,"to-read, classic",to-read,0,
The Bell Jar,Sylvia Plath,0,4.04,"to-read, classic",to-read,0,
The Poisonwood Bible,Barbara Kingsolver,0,4.09,"to-read, fiction",to-read,0,
The Song of Achilles,Madeline Miller,0,4.36,"to-read, fiction",to-read,0,
The Perks of Being a Wallflower,Stephen Chbosky,0,4.22,"to-read, ya",to-read,0,
How to Keep House While Drowning: A Gentle Approach to Cleaning and Organizing,K.C.  Davis,0,4.36,"to-read, personal-growth",to-read,0,
Atlas of the Heart: Mapping Meaningful Connection and the Language of Human Experience,Brené Brown,0,4.34,"to-read, personal-growth",to-read,0,
Conversations on Love,Natasha Lunn,0,4.33,"to-read, personal-growth",to-read,0,
101 Asian Dishes You Need to Cook Before You Die: Discover a New World of Flavors in Authentic Recipes,Jet Tila,0,4.43,"to-read, cooking",to-read,0,
Food52 Genius Recipes: 100 Recipes That Will Change the Way You Cook,Kristen Miglore,0,4.06,"to-read, cooking",to-read,0,
Ultimate Home Cooking,Gordon Ramsay,0,4.23,"to-read, cooking",to-read,0,
Gordon Ramsay Quick and Delicious: 100 Recipes to Cook in 30 Minutes or Less,Gordon Ramsay,0,3.82,"to-read, cooking",to-read,0,
Happy Place,Emily Henry,0,4.42,"to-read, chick-lit",to-read,0,
Break an Egg!: The Broadway Cookbook,Tara Theoharis,0,4.2,"to-read, cooking",to-read,0,
How to Cook Everything: Simple Recipes for Great Food,Alan Witschonke,0,3.99,"to-read, cooking",to-read,0,
Circe,Madeline Miller,0,4.25,"to-read, fiction",to-read,0,
"Talking as Fast as I Can: From Gilmore Girls to Gilmore Girls, and Everything in Between",Lauren Graham,0,3.95,"to-read, bio",to-read,0,
Astrophysics for People in a Hurry,Neil deGrasse Tyson,0,4.09,"to-read, else",to-read,0,
The Nightingale,Kristin Hannah,0,4.6,"to-read, fiction",to-read,0,
Jim Henson: The Biography,Brian Jay Jones,0,3.98,"to-read, bio",to-read,0,
"Mockingjay (The Hunger Games, #3)",Suzanne Collins,0,4.07,ya,read,100,
"Catching Fire (The Hunger Games, #2)",Suzanne Collins,0,4.31,ya,read,100,
"The Ballad of Songbirds and Snakes (The Hunger Games, #0)",Suzanne Collins,0,3.84,ya,read,100,
All the Bright Places,Jennifer Niven,0,4.14,"to-read, ya",to-read,0,
"The Hunger Games (The Hunger Games, #1)",Suzanne Collins,0,4.33,ya,read,100,
"The Serpent's Shadow (The Kane Chronicles, #3)",Rick Riordan,0,4.29,ya,read,100,
"The Throne of Fire (The Kane Chronicles, #2)",Rick Riordan,0,4.19,ya,read,100,
"The House of Hades (The Heroes of Olympus, #4)",Rick Riordan,0,4.56,ya,read,100,
"The Blood of Olympus (The Heroes of Olympus, #5)",Rick Riordan,0,4.43,ya,read,100,
"The Red Pyramid (The Kane Chronicles, #1)",Rick Riordan,0,4.1,ya,read,100,
"The Son of Neptune (The Heroes of Olympus, #2)",Rick Riordan,0,4.42,ya,read,100,
"The Lost Hero (The Heroes of Olympus, #1)",Rick Riordan,0,4.31,ya,read,100,
"The Last Olympian (Percy Jackson and the Olympians, #5)",Rick Riordan,0,4.54,ya,read,100,
"The Mark of Athena (The Heroes of Olympus, #3)",Rick Riordan,0,4.47,ya,read,100,
Taste: My Life through Food,Stanley Tucci,0,4.22,"to-read, cooking, bio",to-read,0,
Fahrenheit 451,Ray Bradbury,0,3.97,classic,read,100,
"The Handmaid’s Tale (The Handmaid's Tale, #1)",Margaret Atwood,0,4.13,classic,read,100,
Pride and Prejudice,Jane Austen,0,4.28,"to-read, classic",to-read,0,
"How to Bake Anything Gluten Free: Over 100 Recipes for Everything from Cakes to Cookies, Doughnuts to Desserts, Bread to Festive Bakes",Becky Excell,0,4.75,"to-read, cooking",to-read,0,
1984,George Orwell,0,4.19,"to-read, classic",to-read,0,
"Crazy Rich Asians (Crazy Rich Asians, #1)",Kevin Kwan,0,3.89,"to-read, chick-lit",to-read,0,
"Rich People Problems (Crazy Rich Asians, #3)",Kevin Kwan,0,3.95,"to-read, chick-lit",to-read,0,
"China Rich Girlfriend (Crazy Rich Asians, #2)",Kevin Kwan,0,3.84,"to-read, chick-lit",to-read,0,
The Bob's Burgers Burger Book: Real Recipes for Joke Burgers,Loren Bouchard,0,4.48,"to-read, cooking",to-read,0,
Beach Eats: Favorite Surfside Recipes for Every Occasion,The Editors of Coastal Living,0,5,"to-read, cooking",to-read,0,
Pulp: A Practical Guide to Cooking with Fruit,Abra Berens,0,4.22,"to-read, remove",to-read,0,
"The Plant Love Kitchen: An Easy Guide to Plant-Forward Eating, With 75+ Recipes",Marisa   Moore,0,4.36,"to-read, remove",to-read,0,
Search: A Novel,Michelle Huneven,0,3.91,"to-read, remove",to-read,0,
Vegetable Revelations: Inspiration for Produce-Forward Cooking,Steven Satterfield,0,5,"to-read, remove",to-read,0,
"The Gut-Friendly Cookbook: Delicious Low-FODMAP, Gluten-Free, Allergy-Friendly Recipes for a Happy Tummy",Alana  Scott,0,3.61,"to-read, cooking",to-read,0,
The Wok: Recipes and Techniques,J. Kenji López-Alt,0,4.65,"to-read, cooking",to-read,0,
Baked to Perfection: Delicious Gluten-Free Recipes with a Pinch of Science,Katarina Cermelj,0,4.57,"to-read, cooking",to-read,0,
"The Great Good Place: Cafes, Coffee Shops, Bookstores, Bars, Hair Salons, and Other Hangouts at the Heart of a Community",Ray Oldenburg,0,3.86,"to-read, theory",to-read,0,
Americanah,Chimamanda Ngozi Adichie,0,4.32,"to-read, theory",to-read,0,
Gordon Ramsay's Uncharted: A Culinary Adventure With 60 Recipes From Around the Globe,Gordon Ramsay,0,4.2,"to-read, cooking",to-read,0,
"Me Before You (Me Before You, #1)",Jojo Moyes,0,4.26,"to-read, chick-lit",to-read,0,
"After You (Me Before You, #2)",Jojo Moyes,0,3.74,"to-read, chick-lit",to-read,0,
"Still Me (Me Before You, #3)",Jojo Moyes,0,4.12,"to-read, chick-lit",to-read,0,
The Taking of Jake Livingston,Ryan Douglass,0,3.45,"to-read, ya",to-read,0,
We Are Okay,Nina LaCour,0,3.95,"to-read, ya",to-read,0,
They Both Die at the End,Adam Silvera,0,3.8,"to-read, ya",to-read,0,
"A Beautifully Foolish Endeavor (The Carls, #2)",Hank Green,0,4.25,"to-read, ya",to-read,0,
The Five People You Meet in Heaven,Mitch Albom,5,3.98,ya,read,100,
All Our Yesterdays,Cristin Terrill,5,4.02,ya,read,100,
The Vanishing Half,Brit Bennett,0,4.17,"to-read, ya",to-read,0,
"Peeta's Games (Peeta's Games, #1)",igsygrace,0,4.43,"to-read, ya",to-read,0,
"The Mutt (Peeta's Games, #3)",igsygrace,0,4.46,"to-read, ya",to-read,0,
"Throwing Sparks (Peeta's Games, #2)",igsygrace,0,4.52,"to-read, ya",to-read,0,
"Back to Twelve (Peeta’s Games, #4)",igsygrace,0,4.41,"to-read, ya",to-read,0,
"Homecoming (The 100, #3)",Kass Morgan,0,3.69,"to-read, ya",to-read,0,
"Rebellion (The 100, #4)",Kass Morgan,0,3.75,"to-read, ya",to-read,0,
"The 100 (The 100, #1)",Kass Morgan,0,3.57,"to-read, ya",to-read,0,
"Ready Player One (Ready Player One, #1)",Ernest Cline,0,4.23,ya,read,100,
"The Hitchhiker's Guide to the Galaxy (Hitchhiker's Guide to the Galaxy, #1)",Douglas Adams,0,4.23,"to-read, ya",to-read,0,
"Day 21 (The 100, #2)",Kass Morgan,0,3.73,"to-read, ya",to-read,0,
Shortchanged: How Advanced Placement Cheats Students,Annie Abrams,0,5,"to-read, remove",to-read,0,
"National Geographic Photo Ark Insects: Butterflies, Bees, and Kindred Creatures (The Photo Ark)",Joel Sartore,0,4.33,"to-read, remove",to-read,0,
Secrets of the Elephants,Paula Kahumbu,0,5,"to-read, remove",to-read,0,
"National Dish: Around the World in Search of Food, History, and the Meaning of Home",Anya von Bremzen,0,4.57,"to-read, remove",to-read,0,
Disney and Pixar's Turning Red: 4*Town 4*Real: The Manga (Disney Pixar Turning Red: 4*Town 4*Real),Dirchansky,0,4.4,"to-read, remove",to-read,0,
After Anne,Logan Steiner,0,4.3,"to-read, remove",to-read,0,
No One Is Too Small to Make a Difference,Greta Thunberg,0,3.88,"to-read, bio",to-read,0,
"Salt, Fat, Acid, Heat: Mastering the Elements of Good Cooking",Samin Nosrat,0,4.37,"currently-reading, cooking",currently-reading,7,
The How Can It Be Gluten-Free Cookbook Volume 2,America's Test Kitchen,0,4.57,"to-read, cooking",to-read,0,
The How Can It Be Gluten Free Cookbook: Revolutionary Techniques. Groundbreaking Recipes.,America's Test Kitchen,0,4.38,"to-read, cooking",to-read,0,
"The Allergy-Free Pantry: Make Your Own Staples, Snacks, and More Without Wheat, Gluten, Dairy, Eggs, Soy or Nuts",Colette Martin,0,3.92,"to-read, cooking",to-read,0,
Mind over Batter: 75 Recipes for Baking as Therapy,Jack Hazan,0,4.61,"to-read, cooking, remove",to-read,0,
The Book of Cocktail Ratios: The Surprising Simplicity of Classic Cocktails (2) (Ruhlman's Ratios),Michael Ruhlman,0,4.5,"to-read, cooking, remove",to-read,0,
"Minecraft: Gather, Cook, Eat! Official Cookbook (Gaming)",Tara Theoharis,0,4.67,"to-read, cooking, remove",to-read,0,
"Southern Cocktails: Storied Sips, Snacks, and Barkeep Tips",The Editors of Southern Living,0,4.67,"to-read, cooking, remove",to-read,0,
I'm So Effing Hungry: Why We Crave What We Crave – and What to Do About It,Amy Shah,0,3.71,"to-read, cooking, remove",to-read,0,
"The Unofficial Dollywood Cookbook: From Frannie's Famous Fried Chicken Sandwiches to Grist Mill Cinnamon Bread, 100 Delicious Dollywood-Inspired Recipes! (Unofficial Cookbook)",Erin K. Browne,0,4.44,"to-read, cooking, remove",to-read,0,
The Last Thing He Told Me,Laura Dave,0,3.86,"to-read, fiction, remove",to-read,0,
The True Love Experiment,Christina Lauren,0,4.46,"to-read, fiction, remove",to-read,0,
Uncommon Type,Tom Hanks,0,3.43,"to-read, fiction, remove",to-read,0,
The Life Council: 10 Friends Every Woman Needs,Laura Tremaine,0,4.21,"to-read, personal-growth, remove",to-read,0,
Without Children: The Long History of Not Being a Mother,Peggy O'Donnell Heffington,0,3.58,"to-read, else, remove",to-read,0,
Claim Your Confidence: Unlock Your Superpower and Create the Life You Want,Lydia Fenet,0,4.25,"to-read, personal-growth, remove",to-read,0,
The Do-Over,Suzanne Park,0,3.57,"to-read, remove",to-read,0,
The Skin and Its Girl,Sarah Cypher,0,3.77,"to-read, remove",to-read,0,
We Are Too Many: A Memoir [Kind of],Hannah Pittard,0,4.08,"to-read, remove",to-read,0,
Before the Streetlights Come On: Black America’s Urgent Call for Climate Solutions,Heather McTeer Toney,0,5,"to-read, remove",to-read,0,
The Anxious Achiever: Turn Your Biggest Fears into Your Leadership Superpower,Morra Aarons-Mele,0,4.33,"to-read, remove",to-read,0,
The Collected Peter Pan,J.M. Barrie,0,4.52,"to-read, remove",to-read,0,
"Yours Truly (Part of Your World, #2)",Abby Jimenez,0,4.54,"to-read, remove",to-read,0,
"Embodied Activism: Engaging the Body to Cultivate Liberation, Justice, and Authentic Connection--A Practical Guide for Transformative Social Change",Rae Johnson,0,3.67,"to-read, remove",to-read,0,
"Deconstructing the Fitness Industrial Complex: How to Resist, Disrupt, and Reclaim What It Means to Be Fit in American Culture",Justice Roe Williams,0,4.33,"to-read, remove",to-read,0,
Bear With Me Now,Katie   Shepard,0,3.63,"to-read, remove",to-read,0,
My Life So Far,Jane Fonda,0,4.01,bio,read,100,
The Time Traveler's Wife,Audrey Niffenegger,0,3.99,"to-read, fiction",to-read,0,
Oranges Are Not the Only Fruit,Jeanette Winterson,0,3.73,"to-read, fiction",to-read,0,
"For You and Only You (You, #4)",Caroline Kepnes,0,3.53,"to-read, fiction",to-read,0,
"You Love Me (You, #3)",Caroline Kepnes,0,3.69,"to-read, fiction",to-read,0,
"You (You, #1)",Caroline Kepnes,0,3.95,"to-read, fiction",to-read,0,
"Hidden Bodies (You, #2)",Caroline Kepnes,0,3.74,"to-read, fiction",to-read,0,
Pageboy,Elliot Page,0,4.24,"to-read, bio",to-read,0,
You Could Make This Place Beautiful,Maggie  Smith,0,4.46,"to-read, bio",to-read,0,
The Curious Incident of the Dog in the Night-Time,Mark Haddon,0,3.89,"to-read, fiction",to-read,0,
"An Indigenous Peoples' History of the United States (ReVisioning American History, #3)",Roxanne Dunbar-Ortiz,0,4.37,"to-read, theory",to-read,0,
Spirits of Our Whaling Ancestors: Revitalizing Makah and Nuu-chah-nulth Traditions,Charlotte Coté,0,4.21,"to-read, theory",to-read,0,
"Salmon and Acorns Feed Our People: Colonialism, Nature, and Social Action (Nature, Society, and Culture)",Kari Marie Norgaard,0,4.06,"to-read, theory",to-read,0,
The Year of Magical Thinking,Joan Didion,0,3.93,to-read,to-read,0,
The Grapes of Wrath,John Steinbeck,0,4,classic,read,100,
Jane Eyre,Charlotte Brontë,0,4.14,classic,read,100,
Everyone's Table: Global Recipes for Modern Health,Gregory Gourdet,0,4.37,"to-read, cooking",to-read,0,
Little Women,Louisa May Alcott,0,4.14,classic,read,100,
The Picture of Dorian Gray,Oscar Wilde,0,4.12,classic,read,100,
The Outsiders,S.E. Hinton,4,4.12,classic,read,100,
Life of Pi,Yann Martel,3,3.93,classic,read,100,
The Great Gatsby,F. Scott Fitzgerald,4,3.93,classic,read,100,
The Book Thief,Markus Zusak,5,4.39,classic,read,100,
To Kill a Mockingbird,Harper Lee,3,4.27,classic,read,100,
"Cannelle et Vanille: Nourishing, Gluten-Free Recipes for Every Meal and Mood",Aran Goyoaga,0,4.4,"to-read, cooking",to-read,0,
Cannelle et Vanille Bakes Simple: A New Way to Bake Gluten-Free,Aran Goyoaga,0,4.63,"to-read, cooking",to-read,0,
The Gluten-Free Cookbook: 350 delicious and naturally gluten-free recipes from more than 80 countries,Cristian Broglia,0,4.04,"to-read, cooking",to-read,0,
Gluten-Free on a Shoestring: 125 Easy Recipes for Eating Well on the Cheap,Nicole Hunn,0,3.99,"to-read, cooking",to-read,0,
"How to Make Anything Gluten-Free: Over 100 recipes for everything from home comforts to fakeaways, cakes to dessert, brunch to bread!",Becky Excell,0,4.67,"to-read, cooking",to-read,0,
"Gluten-Free for Good: Simple, Wholesome Recipes Made from Scratch",Samantha Seneviratne,0,4.15,"to-read, cooking",to-read,0,
Gluten-Free Artisan Bread in Five Minutes a Day,Jeff Hertzberg,0,4.27,"to-read, cooking",to-read,0,
"Sweet Laurel Savory: Everyday Decadence for Whole-Food, Grain-Free Meals: A Cookbook",Laurel Gallucci,0,3.95,"to-read, cooking",to-read,0,
"Sweet Laurel: Recipes for Whole Food, Grain-Free Desserts: A Baking Book",Laurel Gallucci,0,4.4,"to-read, cooking",to-read,0,
Alternative Baker: Reinventing Dessert with Gluten-Free Grains and Flours,Alanna Taylor-Tobin,0,4.22,"to-read, cooking",to-read,0,
Half Baked Harvest Cookbook: Recipes from My Barn in the Mountains,Tieghan Gerard,0,4.32,"to-read, cooking",to-read,0,
"Half Baked Harvest Every Day: Recipes for Balanced, Flexible, Feel-Good Meals",Tieghan Gerard,0,4.42,"to-read, cooking",to-read,0,
The Food Lab: Better Home Cooking Through Science,J. Kenji López-Alt,0,4.25,"to-read, cooking",to-read,0,
Dessert Person: Recipes and Guidance for Baking with Confidence: A Baking Book,Claire Saffitz,0,3.85,"to-read, cooking",to-read,0,
"The Flavor Bible: The Essential Guide to Culinary Creativity, Based on the Wisdom of America's Most Imaginative Chefs",Andrew Dornenburg,0,4.01,"to-read, cooking",to-read,0,
The Diary of a Young Girl,Anne Frank,0,4.18,bio,read,100,
Normal People,Sally Rooney,0,3.81,to-read,to-read,0,
The Anthropocene Reviewed,John Green,0,4.37,bio,read,100,
"Mixtape Potluck Cookbook: A Dinner Party for Friends, Their Recipes, and the Songs They Inspire","Ahmir ""Questlove"" Thompson",0,3.75,"to-read, cooking",to-read,0,
Eat What You Watch: A Cookbook for Movie Lovers,Andrew Rea,0,4.24,"to-read, cooking",to-read,0,
The Unqualified Hostess: I do it my way so you can too!,Whoopi Goldberg,0,3.99,"to-read, cooking",to-read,0,
The Art of the Bar Cart: Styling & Recipes,Vanessa Dina,0,4.03,"to-read, cooking",to-read,0,
The Art of Gathering: How We Meet and Why It Matters,Priya Parker,0,4.01,"to-read, personal-growth",to-read,0,
"Tarot of the Divine: A Deck and Guidebook Inspired by Deities, Folklore, and Fairy Tales from Around the World: Tarot Cards",Yoshi Yoshitani,0,4.72,to-read,to-read,0,
Tarot of the Divine Handbook: A Guide to Understanding Tarot Symbolism,Yoshi Yoshitani,0,4,to-read,to-read,0,
"Beneath the Moon: Fairy Tales, Myths, and Divine Stories from Around the World",Yoshi Yoshitani,0,4.21,to-read,to-read,0,
See You on Sunday: A Cookbook for Family and Friends,Sam Sifton,0,3.9,"to-read, cooking",to-read,0,
Sunday Suppers: Recipes + Gatherings: A Cookbook,Karen Mordechai,0,3.68,"to-read, cooking",to-read,0,
Batch Cocktails: Make-Ahead Pitcher Drinks for Every Occasion,Maggie Hoffman,0,4.07,"to-read, cooking",to-read,0,
Graze: Inspiration for Small Plates and Meandering Meals: A Charcuterie Cookbook,Suzanne Lenzer,0,3.55,"cooking, to-read",to-read,0,
The Maid,Nita Prose,0,3.82,"to-read, fiction",to-read,0,
Daisy Jones & the Six,Taylor Jenkins Reid,0,4.24,"to-read, fiction",to-read,0,
Spare,Prince Harry,0,3.97,"to-read, bio",to-read,0,
Blink: The Power of Thinking Without Thinking,Malcolm Gladwell,0,3.96,"to-read, personal-growth",to-read,0,
Recipe for Disaster: 40 Superstar Stories of Sustenance and Survival,Alison Riley,0,3.38,"to-read, cooking",to-read,0,
Cooking with Shereen―Rockstar Dinners!,Shereen Pavlides,0,4.5,"to-read, cooking",to-read,0,
20-40-60-Minute Dinners: Meals to Match the Time You Have,Kate Otterstrom,0,3.58,"to-read, cooking",to-read,0,
"For The Culture: Phenomenal Black Women and Femmes in Food: Interviews, Inspiration, and Recipes",Klancy Miller,0,0,"to-read, cooking",to-read,0,
"The Flavor Thesaurus: More Flavors: Plant-Led Pairings, Recipes, and Ideas for Cooks",Niki Segnit,0,3.88,"to-read, cooking",to-read,0,
White Tears/Brown Scars: How White Feminism Betrays Women of Color,Ruby Hamad,0,4.57,"to-read, theory",to-read,0,
The Office BFFs: Tales of The Office from Two Best Friends Who Were There,Jenna Fischer,0,4.25,"to-read, bio",to-read,0,
Becoming,Michelle Obama,0,4.48,"to-read, bio",to-read,0,
A Promised Land,Barack Obama,0,4.35,"to-read, bio",to-read,0,
I'm Glad My Mom Died,Jennette McCurdy,0,4.52,"to-read, bio",to-read,0,
Born a Crime: Stories From a South African Childhood,Trevor Noah,0,4.49,"to-read, bio",to-read,0,
Crying in H Mart,Michelle Zauner,0,4.29,"to-read, bio",to-read,0,
We Should All Be Feminists,Chimamanda Ngozi Adichie,0,4.41,theory,read,100,
Gordon Ramsay's Ultimate Cookery Course,Gordon Ramsay,0,4.26,"to-read, cooking",to-read,0,
Cooking Like a Master Chef: 100 Recipes to Make the Everyday Extraordinary,Graham Elliot,0,3.72,"to-read, cooking",to-read,0,
Cook Real Hawai'i: A Cookbook,Sheldon Simeon,0,4.4,"to-read, cooking",to-read,0,
"Chinese Heritage Cooking From My American Kitchen: Discover Authentic Flavors with Vibrant, Modern Recipes",Shirley Chung,0,3.85,"to-read, cooking",to-read,0,
So Good: 100 Recipes from My Kitchen to Yours,Richard Blais,0,3.42,"to-read, cooking",to-read,0,
Hangover Helper: Delicious Cures from Around the World,Lauren Shockey,0,4.14,cooking,read,100,
"Mocktail Party: 75 Plant-Based, Non-Alcoholic Recipes for Every Occasion",Kerry Benson,0,4.14,"to-read, cooking",to-read,0,
"Floral Libations: 41 Fragrant Drinks + Ingredients (Flower Cocktails, Non-Alcoholic and Alcoholic Mixed Drinks and Mocktails Recipe Book)",Cassie Winslow,0,4.05,"to-read, cooking",to-read,0,
Braiding Sweetgrass,Robin Wall Kimmerer,0,4.56,"to-read, theory",to-read,0,
You Are a Badass: How to Stop Doubting Your Greatness and Start Living an Awesome Life,Jen Sincero,0,3.95,"to-read, personal-growth",to-read,0,
"Set Boundaries, Find Peace: A Guide to Reclaiming Yourself",Nedra Glover Tawwab,0,4.31,"to-read, personal-growth",to-read,0,
Cooking with Trader Joe's Cookbook: 5-Ingredient Cookbook,Deana Gunn,0,3.88,cooking,read,100,
Cooking with All Things Trader Joe's Cookbook,Deana Gunn,0,3.59,cooking,read,100,
"The Essential,Cookbook: Classic Recipes for a New Century",Amanda Hesser,0,4.12,cooking,read,100,
milk and honey,Rupi Kaur,4,4,poetry,read,100,
All About Love: New Visions,bell hooks,0,4.09,"to-read, theory",to-read,0,
"Communion: The Female Search for Love (Love Song to the Nation, 2)",bell hooks,0,4.35,"to-read, theory",to-read,0,
The Tragedy of Heterosexuality,Jane Ward,0,4.19,"to-read, theory",to-read,0,
Feminism Is for Everybody: Passionate Politics,bell hooks,0,4.15,"to-read, theory",to-read,0,
Feminist Theory: From Margin to Center,bell hooks,0,4.43,"to-read, theory",to-read,0,
Big Fish,Daniel Wallace,0,3.68,"to-read, fiction",to-read,0,
The Troop,Nick Cutter,0,3.84,"to-read, fiction",to-read,0,
theMystery.doc,Matthew  McIntosh,0,2.98,"to-read, fiction",to-read,0,
Alice's Adventures in Wonderland & Through the Looking-Glass,Lewis Carroll,0,4.06,"to-read, fiction",to-read,0,
Cult Classic,Sloane Crosley,0,3.38,"to-read, fiction",to-read,0,
Horrorstör,Grady Hendrix,0,3.66,"to-read, fiction",to-read,0,
Tree of Codes,Jonathan Safran Foer,0,3.85,"to-read, fiction",to-read,0,
Ship of Theseus,J.J. Abrams,0,3.87,"to-read, fiction",to-read,0,
"Illuminae (The Illuminae Files, #1)",Amie Kaufman,0,4.25,"to-read, fiction",to-read,0,
House of Leaves,Mark Z. Danielewski,0,4.09,"to-read, else",to-read,0,
permission to love,Karlee Rose North,0,4.13,"to-read, poetry",to-read,0,
"Parable of the Sower (Earthseed, #1)",Octavia E. Butler,0,4.21,"to-read, theory",to-read,0,
"Women, Race & Class",Angela Y. Davis,0,4.57,"to-read, theory",to-read,0,
Everything I Need I Get from You: How Fangirls Created the Internet as We Know It,Kaitlyn Tiffany,0,3.64,"to-read, else",to-read,0,
Cultish: The Language of Fanaticism,Amanda Montell,0,3.94,"to-read, else",to-read,0,
The Motherhood Penalty,Joeli Brearley,0,4.51,"to-read, theory",to-read,0,
They Were Her Property: White Women as Slave Owners in the American South,Stephanie E. Jones-Rogers,0,4.29,"to-read, theory",to-read,0,
The Combahee River Collective Statement: Black Feminist Organizing In The Seventies and Eighties,Combahee River Collective,0,4.71,"to-read, theory",to-read,0,
Noopiming: The Cure for White Ladies,Leanne Betasamosake Simpson,0,4.28,"to-read, theory",to-read,0,
Hood Feminism: Notes from the Women That a Movement Forgot,Mikki Kendall,0,4.39,"to-read, theory",to-read,0,
"Gender Trends in Southeast Asia: Women Now, Women in the Future",Theresa W. Devasahayam,0,3,"to-read, theory",to-read,0,
Ain't I a Woman: Black Women and Feminism,bell hooks,0,4.49,"to-read, theory",to-read,0,
Careering,Daisy Buchanan,0,3.41,"to-read, personal-growth",to-read,0,
Bi The Way: The Bisexual Guide to Life,Lois Shearing,0,3.55,"to-read, personal-growth",to-read,0,
"You’re Not Broke, You’re Pre-Rich",Emilie Bellet,0,4.14,"to-read, personal-growth",to-read,0,
How to Grow Through What You Go Through: Mental maintenance for modern lives,Jodie Cariss,0,4.32,"to-read, personal-growth",to-read,0,
Cleopatra and Frankenstein,Coco Mellors,0,3.9,"to-read, fiction",to-read,0,
"Tomorrow, and Tomorrow, and Tomorrow",Gabrielle Zevin,0,4.26,"to-read, fiction",to-read,0,
Everyone in This Room Will Someday Be Dead,Emily R. Austin,0,3.87,"to-read, fiction",to-read,0,
Yerba Buena,Nina LaCour,0,3.92,"to-read, fiction",to-read,0,
How to Be Eaten,Maria Adelmann,0,3.67,"to-read, fiction",to-read,0,
Spineless: The Science of Jellyfish and the Art of Growing a Backbone,Juli Berwald,0,3.73,"to-read, personal-growth",to-read,0,
"The Nature Fix: Why Nature Makes Us Happier, Healthier, and More Creative",Florence  Williams,0,3.98,"to-read, personal-growth",to-read,0,
Writers & Lovers,Lily King,0,4.04,"to-read, fiction",to-read,0,
Smoke Gets in Your Eyes & Other Lessons from the Crematory,Caitlin Doughty,0,4.21,"to-read, else",to-read,0,
Loose Woman,Sandra Cisneros,0,4.22,"to-read, else",to-read,0,
H is for Hawk,Helen Macdonald,0,3.74,"to-read, else",to-read,0,
On Trails: An Exploration,Robert Moor,0,3.96,"to-read, else",to-read,0,
The Last True Poets of the Sea,Julia Drake,0,3.93,"to-read, else",to-read,0,
Mutual Aid: Building Solidarity in This Crisis (And the Next),Dean Spade,0,4.41,"to-read, theory",to-read,0,
A Decolonial Feminism,Françoise Vergès,0,4.34,"to-read, theory",to-read,0,
The Care Manifesto: The Politics of Interdependence,The Care Collective,0,3.83,"to-read, theory",to-read,0,
Without Apology: The Abortion Struggle Now,Jenny     Brown,0,4.37,"to-read, theory",to-read,0,
Black Wall Street,Hannibal B. Johnson,0,4.05,"to-read, theory",to-read,0,
Black Liberation and Palestine Solidarity,Lenni Brenner,0,3.25,"to-read, theory",to-read,0,
A Terrible Thing to Waste: Environmental Racism and Its Assault on the American Mind,Harriet A. Washington,0,4.08,"to-read, theory",to-read,0,
"The Feminist and the Sex Offender: Confronting Harm, Ending State Violence",Judith Levine,0,3.76,"to-read, theory",to-read,0,
Sister Outsider: Essays and Speeches,Audre Lorde,0,4.53,"to-read, theory",to-read,0,
Medical Apartheid: The Dark History of Medical Experimentation on Black Americans from Colonial Times to the Present,Harriet A. Washington,0,4.42,"to-read, theory",to-read,0,
How to Be Perfect: The Correct Answer to Every Moral Question,Michael Schur,0,4.18,"to-read, else",to-read,0,
Live From New York,Tom Shales,0,4.07,"to-read, else",to-read,0,
Stay and Fight,Madeline Ffitch,0,3.74,"to-read, fiction",to-read,0,
Alias Grace,Margaret Atwood,0,4.04,"to-read, fiction",to-read,0,
The Gift of Fear: Survival Signals That Protect Us from Violence,Gavin de Becker,0,4.17,"to-read, personal-growth",to-read,0,
"A Good Girl's Guide to Murder (A Good Girl's Guide to Murder, #1)",Holly  Jackson,0,4.35,"to-read, fiction",to-read,0,
The Joy of Keeping Chickens: The Ultimate Guide to Raising Poultry for Fun or Profit,Jennifer Megyesi,0,3.81,"to-read, farming",to-read,0,
The Family Cow (Garden Way Publishing Book),Dirk Van Loon,0,4.05,"to-read, farming",to-read,0,
Farm Journal's Freezing and Canning Cookbook: Prized Recipes from the Farms of America,Nell B. Nichols,0,4.37,"to-read, farming",to-read,0,
"Joy of Camping: The Complete Four Seasons, Five Senses Practical Guide to Enjoying the Great Outdoors (Without Destroying It)",Richard W. Langer,0,3.8,"to-read, farming",to-read,0,
Fruits and Berries for the Home Garden,Lewis Hill,0,3.96,"to-read, farming",to-read,0,
Building a StoryBrand: Clarify Your Message So Customers Will Listen,Donald  Miller,0,4.28,"to-read, personal-growth",to-read,0,
The Moment of Lift: How Empowering Women Changes the World,Melinda French Gates,0,4.29,"to-read, personal-growth",to-read,0,
Imperialism: The Highest Stage of Capitalism,Vladimir Lenin,0,4.21,"to-read, theory",to-read,0,
The State and Revolution,Vladimir Lenin,0,4.22,"to-read, theory",to-read,0,
Fascism: What It Is and How to Fight It,Leon Trotsky,0,3.86,"to-read, theory",to-read,0,
The Wretched of the Earth,Frantz Fanon,0,4.29,"to-read, theory",to-read,0,
Freedom is a Constant Struggle,Angela Y. Davis,0,4.4,"to-read, theory",to-read,0,
The Principles of Communism,Friedrich Engels,0,4.01,"to-read, theory",to-read,0,
The Communist Manifesto,Karl Marx,0,3.64,"to-read, theory",to-read,0,
The Autobiography of Malcolm X,Malcolm X,0,4.35,"to-read, theory",to-read,0,
Are Prisons Obsolete?,Angela Y. Davis,0,4.55,"to-read, theory",to-read,0,
Socialism: Utopian and Scientific,Friedrich Engels,0,4.22,"to-read, theory",to-read,0,
Wage Labour and Capital,Karl Marx,0,4.18,"to-read, theory",to-read,0,
Men Explain Things to Me,Rebecca Solnit,0,3.84,"to-read, theory",to-read,0,
A People's History of the United States,Howard Zinn,0,4.07,"to-read, theory",to-read,0,
Takin' It to the Streets: A Sixties Reader,Alexander Bloom,0,3.9,"to-read, theory",to-read,0,
"Blueprint for Revolution: How to Use Rice Pudding, Lego Men, and Other Nonviolent Techniques to Galvanize Communities, Overthrow Dictators, or Simply Change the World",Srdja Popovic,0,4.31,"to-read, theory",to-read,0,
Why Socialism?,Albert Einstein,0,4.13,"to-read, theory",to-read,0,
Revolutionary Suicide,Huey P. Newton,0,4.45,"to-read, theory",to-read,0,
Capitalist Realism: Is There No Alternative?,Mark Fisher,0,4.23,"to-read, theory",to-read,0,
"Black Skin, White Masks",Frantz Fanon,0,4.27,"to-read, theory",to-read,0,
Das Kapital,Karl Marx,0,3.88,"to-read, theory",to-read,0,
Black Power: The Politics of Liberation,Stokely Carmichael,0,4.35,"to-read, theory",to-read,0,
The Reification of Desire: Toward a Queer Marxism,Kevin Floyd,0,3.81,"to-read, queer",to-read,0,
Queer Theory and Native Studies: The Heteronormativity of Settler Colonialism,Andrea      Smith,0,0,"to-read, queer",to-read,0,
Terrorist Assemblages: Homonationalism in Queer Times,Jasbir K. Puar,0,4.15,"to-read, queer",to-read,0,
Disidentifications: Queers of Color and the Performance of Politics,José Esteban Muñoz,0,4.4,"to-read, queer",to-read,0,
"Punks, Bulldaggers, and Welfare Queens: The Radical Potential of Queer Politics?",Cathy J. Cohen,0,4.41,"to-read, queer",to-read,0,
The Rocket Years: How Your Twenties Launch the Rest of Your Life,Elizabeth Segran,0,3.52,"to-read, personal-growth",to-read,0,
Profit and Pleasure: Sexual Identities in Late Capitalism,Rosemary Hennessy,0,3.73,"to-read, queer",to-read,0,
Gender Trouble: Feminism and the Subversion of Identity,Judith Butler,0,4.06,"to-read, queer",to-read,0,
The Defining Decade: Why Your Twenties Matter—And How to Make the Most of Them Now,Meg Jay,3,4.11,personal-growth,read,100,
The Automatic Millionaire: A Powerful One-Step Plan to Live and Finish Rich,David Bach,0,3.94,"to-read, personal-growth",to-read,0,
The Conscious Closet: The Revolutionary Guide to Looking Good While Doing Good,Elizabeth L. Cline,0,4.04,"to-read, personal-growth",to-read,0,
Literally Show Me a Healthy Person,Darcie Wilder,0,3.6,"to-read, personal-growth",to-read,0,
Burnout: The Secret to Unlocking the Stress Cycle,Emily Nagoski,4,3.98,personal-growth,read,100,
"The Priory of the Orange Tree (The Roots of Chaos, #1)",Samantha    Shannon,0,4.23,"to-read, fiction",to-read,0,
The Queer Art of Failure,J. Jack Halberstam,0,4.07,"to-read, queer",to-read,0,
No Future: Queer Theory and the Death Drive,Lee Edelman,0,3.72,"to-read, queer",to-read,0,
That's Revolting!: Queer Strategies for Resisting Assimilation,Mattilda Bernstein Sycamore,0,4.06,"to-read, queer",to-read,0,
"Girl, Woman, Other",Bernardine Evaristo,0,4.31,"to-read, queer",to-read,0,
Aberrations in Black: Toward a Queer of Color Critique,Roderick A. Ferguson,0,4.32,"to-read, queer",to-read,0,
The Seven Husbands of Evelyn Hugo,Taylor Jenkins Reid,0,4.45,"to-read, fiction",to-read,0,
"A Court of Thorns and Roses (A Court of Thorns and Roses, #1)",Sarah J. Maas,0,4.2,"to-read, fiction",to-read,0,
The Subtle Art of Not Giving a F*ck: A Counterintuitive Approach to Living a Good Life,Mark Manson,3,3.91,personal-growth,read,100,
The Life-Changing Magic of Tidying Up: The Japanese Art of Decluttering and Organizing,Marie Kondō,0,3.87,"currently-reading, personal-growth",currently-reading,24,
Who Moved My Cheese?,Spencer Johnson,4,3.86,personal-growth,read,100,
Outliers: The Story of Success,Malcolm Gladwell,0,4.19,"to-read, personal-growth",to-read,0,
Make Your Bed: Little Things That Can Change Your Life...And Maybe the World,William H. McRaven,0,4,"to-read, personal-growth",to-read,0,
Bad Gays: A Homosexual History,Huw Lemmey,0,3.61,"to-read, queer",to-read,0,
How to Dry Foods: The Most Complete Guide to Drying Foods at Home,Deanna Delong,0,3.65,"farming, to-read",to-read,0,
All New Square Foot Gardening,Mel Bartholomew,0,4.15,"farming, to-read",to-read,0,
Diet for a Small Planet,Frances Moore Lappé,0,3.96,"farming, to-read",to-read,0,
The Greening of America,Charles A. Reich,0,3.58,"farming, to-read",to-read,0,
Hidden Natural Histories: Herbs: The Secret Properties of 150 Plants,Kim Hurst,0,4.12,"farming, to-read",to-read,0,
A Field Guide to the Insects:  America North of Mexico (Peterson Field Guide Series),Donald J. Borror,0,4.17,"farming, to-read",to-read,0,
Edible & Medicinal Plants of West,Gregory L. Tilford,0,4.29,"farming, to-read",to-read,0,
"1519 All-Natural, All-Amazing Gardening Secrets",Don Earnest,0,4.22,"farming, to-read",to-read,0,
New Complete Guide to Gardening,Better Homes and Gardens,0,3.97,"farming, to-read",to-read,0,
The Encyclopedia of Organic Gardening,Organic Gardening and Farming,0,4.3,"farming, to-read",to-read,0,
"The Backyard Homestead Seasonal Planner: What to Do & When to Do It in the Garden, Orchard, Barn, Pasture & Equipment Shed",Ann Larkin Hansen,0,4.21,"farming, to-read",to-read,0,
"Free-Range Chicken Gardens: How to Create a Beautiful, Chicken-Friendly Yard",Jessi Bloom,0,4.1,"farming, to-read",to-read,0,
Well-Preserved: Recipes and Techniques for Putting Up Small Batches of Seasonal Foods,Eugenia Bone,0,3.83,"farming, to-read",to-read,0,
"The Rodale Book of Composting, Newly Revised and Updated: Simple Methods to Improve Your Soil, Recycle Waste, Grow Healthier Plants, and Create an Earth-Friendly Garden (Rodale Classics)",Grace Gershuny,0,4.1,"farming, to-read",to-read,0,
The Backyard Beekeeper - Revised and Updated: An Absolute Beginner's Guide to Keeping Bees in Your Yard and Garden,Kim Flottum,0,4.33,"to-read, farming",to-read,0,
Home Cheese Making: Recipes for 75 Delicious Cheeses,Ricki Carroll,0,4.14,"to-read, farming",to-read,0,
Backyard Market Gardening,Andy   Lee,0,3.55,"to-read, farming",to-read,0,
Carrots Love Tomatoes: Secrets of Companion Planting for Successful Gardening,Louise Riotte,0,4.03,"to-read, farming",to-read,0,
The Backyard Homestead Guide To Raising Farm Animals,Gail Damerow,0,4.24,"to-read, farming",to-read,0,
Roses Love Garlic: Companion Planting and Other Secrets of Flowers,Louise Riotte,0,3.96,"to-read, farming",to-read,0,